date, pm25, pm10, no2
2025/11/2, 22, 8, 2
2025/11/3, 10, 7, 5
2025/11/4, 10, 7, 1
2025/11/5, 14, 6, 
2025/11/6, 18, , 
2025/11/8, 19, 3, 2
2025/11/9, 10, 3, 2
2025/11/10, 5, 8, 6
2025/11/11, 19, 10, 1
2025/11/12, 33, 3, 1
2025/11/13, 6, 22, 2
2025/11/14, 16, 11, 
2025/11/15, 9, , 
2025/10/2, 15, 9, 2
2025/10/3, 12, 9, 2
2025/10/4, 19, 10, 1
2025/10/5, 23, 5, 2
2025/10/6, 15, 15, 4
2025/10/7, 23, 14, 3
2025/10/8, 20, 9, 3
2025/10/9, 13, 14, 3
2025/10/10, 13, 8, 2
2025/10/11, 12, 6, 
2025/10/12, 12, 4, 
2025/10/13, 8, 8, 2
2025/10/14, 8, 14, 3
2025/10/15, 13, 4, 2
2025/10/16, 5, 9, 2
2025/10/17, 13, 10, 3
2025/10/18, 12, 9, 2
2025/10/19, 12, 9, 1
2025/10/20, 11, 28, 4
2025/10/21, 26, 34, 5
2025/10/22, 40, 12, 2
2025/10/23, 44, 16, 5
2025/10/24, 47, 7, 4
2025/10/25, 24, 2, 2
2025/10/26, 6, 5, 1
2025/10/27, 8, 18, 2
2025/10/28, 16, 40, 3
2025/10/29, 37, 31, 3
2025/10/30, 26, 6, 3
2025/10/31, 16, 14, 2
2025/11/1, 14, 28, 2
2025/7/2, 16, 8, 1
2025/7/3, 12, 5, 1
2025/7/4, 13, 6, 1
2025/7/5, 10, 10, 1
2025/7/6, 18, 5, 1
2025/7/7, 16, 6, 1
2025/7/8, 11, 8, 1
2025/7/9, 13, 8, 1
2025/7/10, 18, 12, 1
2025/7/11, 26, 13, 2
2025/7/12, 33, 11, 1
2025/7/13, 32, 12, 1
2025/7/14, 33, 15, 2
2025/7/15, 40, 15, 2
2025/7/16, 30, 15, 2
2025/7/17, 33, 12, 2
2025/7/18, 22, 12, 2
2025/7/19, 20, 16, 1
2025/7/20, 39, 16, 1
2025/7/21, 42, 18, 1
2025/7/22, 42, 23, 2
2025/7/23, 53, 23, 2
2025/7/24, 56, 24, 2
2025/7/25, 60, 20, 2
2025/7/26, 52, 18, 1
2025/7/27, 54, 13, 1
2025/7/28, 37, 13, 1
2025/7/29, 33, 11, 1
2025/7/30, 34, 10, 1
2025/7/31, 22, 18, 2
2025/8/1, 48, 20, 2
2025/8/2, 56, 14, 1
2025/8/3, 38, 9, 1
2025/8/4, 25, 9, 2
2025/8/5, 25, 7, 1
2025/8/6, 13, 6, 1
2025/8/7, 8, 8, 1
2025/8/8, 10, 10, 1
2025/8/9, 24, 8, 1
2025/8/10, 20, 5, 
2025/8/11, 12, 6, 1
2025/8/12, 9, 5, 1
2025/8/13, 8, 12, 2
2025/8/14, 18, 16, 1
2025/8/15, 30, 8, 1
2025/8/16, 21, 6, 
2025/8/17, 8, 4, 
2025/8/18, 6, 6, 
2025/8/19, 11, 4, 
2025/8/20, 5, 4, 
2025/8/21, 6, 3, 1
2025/8/22, 5, 4, 1
2025/8/23, 6, 2, 
2025/8/24, 5, 2, 
2025/8/25, 3, 3, 1
2025/8/26, 5, 6, 2
2025/8/27, 8, 9, 2
2025/8/28, 13, 13, 3
2025/8/29, 24, 12, 4
2025/8/30, 22, 9, 2
2025/8/31, 23, 10, 1
2025/9/1, 24, 14, 1
2025/9/2, 31, 11, 2
2025/9/3, 26, 8, 3
2025/9/4, 18, 16, 2
2025/9/5, 32, 11, 2
2025/9/6, 24, 11, 2
2025/9/7, 33, 13, 2
2025/9/8, 37, 14, 2
2025/9/9, 29, 17, 4
2025/9/10, 33, 24, 4
2025/9/11, 53, 19, 2
2025/9/12, 48, 12, 3
2025/9/13, 27, 8, 2
2025/9/14, 17, 11, 1
2025/9/15, 24, 5, 2
2025/9/16, 10, 13, 2
2025/9/17, 21, 14, 2
2025/9/18, 22, 12, 3
2025/9/19, 13, 9, 2
2025/9/20, 13, 9, 2
2025/9/21, 14, 10, 1
2025/9/22, 15, 35, 
2025/9/23, 18, 4, 1
2025/9/24, 8, 5, 1
2025/9/25, 7, 5, 2
2025/9/26, 7, 9, 2
2025/9/27, 16, 8, 1
2025/9/28, 17, 9, 2
2025/9/29, 21, 11, 3
2025/9/30, 15, 10, 2
2025/10/1, 16, 10, 1
2025/4/2, 24, 35, 2
2025/4/3, 24, 47, 1
2025/4/4, 34, 26, 
2025/4/5, 18, 18, 2
2025/4/6, 13, 5, 1
2025/4/7, 8, 18, 3
2025/4/8, 12, 18, 1
2025/4/9, 15, 22, 
2025/4/10, 18, 5, 2
2025/4/11, 7, 11, 2
2025/4/12, 8, 11, 2
2025/4/13, 17, 12, 1
2025/4/14, 21, 10, 3
2025/4/15, 23, 16, 2
2025/4/16, 16, 19, 4
2025/4/17, 26, 20, 3
2025/4/18, 43, 10, 2
2025/4/19, 28, 5, 
2025/4/20, 7, 8, 1
2025/4/21, 7, 10, 1
2025/4/22, 10, 10, 3
2025/4/23, 12, 9, 1
2025/4/24, 10, 11, 1
2025/4/25, 13, 11, 1
2025/4/26, 11, 6, 1
2025/4/27, 8, 9, 2
2025/4/28, 13, 13, 3
2025/4/29, 18, 7, 2
2025/4/30, 10, 6, 4
2025/5/1, 17, 11, 1
2025/5/2, 24, 8, 2
2025/5/3, 19, , 
2025/5/5, 6, 7, 1
2025/5/6, 7, 5, 2
2025/5/7, 9, 9, 1
2025/5/8, 12, 19, 3
2025/5/9, 18, 3, 4
2025/5/10, 10, 11, 3
2025/5/11, 15, 12, 1
2025/5/12, 18, 30, 3
2025/5/13, 33, 21, 2
2025/5/14, 26, 9, 1
2025/5/15, 11, 7, 
2025/5/16, 9, 8, 1
2025/5/17, 9, 9, 1
2025/5/18, 8, 9, 1
2025/5/19, 10, 15, 1
2025/5/20, 17, 9, 
2025/5/21, 10, 11, 1
2025/5/22, 11, 4, 1
2025/5/23, 9, 3, 3
2025/5/24, 8, 11, 1
2025/5/25, 15, 10, 1
2025/5/26, 19, 13, 3
2025/5/27, 25, 13, 1
2025/5/28, 17, 8, 1
2025/5/29, 13, 10, 1
2025/5/30, 16, 9, 3
2025/5/31, 16, 5, 
2025/6/1, 6, 8, 1
2025/6/2, 11, 9, 2
2025/6/3, 19, 13, 1
2025/6/4, 13, 18, 3
2025/6/5, 26, 11, 2
2025/6/6, 25, 11, 1
2025/6/7, 21, 7, 1
2025/6/8, 13, , 
2025/6/10, 17, 6, 1
2025/6/11, 7, 12, 2
2025/6/12, 14, 5, 
2025/6/13, 7, 16, 2
2025/6/14, 18, 16, 2
2025/6/15, 26, 17, 1
2025/6/16, 39, 8, 2
2025/6/17, 24, 9, 2
2025/6/18, 15, 6, 
2025/6/19, 9, 5, 
2025/6/20, 9, 5, 
2025/6/21, 8, 4, 
2025/6/22, 7, 6, 
2025/6/23, 12, 8, 2
2025/6/24, 19, 3, 1
2025/6/25, 9, 8, 1
2025/6/26, 13, 11, 1
2025/6/27, 22, 11, 2
2025/6/28, 24, 7, 1
2025/6/29, 13, 5, 
2025/6/30, 9, 4, 
2025/7/1, 6, 11, 2
2025/1/2, 16, 3, 4
2025/1/3, 8, 3, 2
2025/1/4, 8, 3, 3
2025/1/5, 9, 3, 2
2025/1/6, 11, 4, 2
2025/1/7, 17, 4, 2
2025/1/8, 12, 7, 7
2025/1/9, 18, 7, 2
2025/1/10, 28, 5, 5
2025/1/11, 19, 3, 3
2025/1/12, 11, 2, 2
2025/1/13, 7, 2, 5
2025/1/14, 5, 3, 3
2025/1/15, 8, 7, 10
2025/1/16, 13, 3, 6
2025/1/17, 9, 4, 4
2025/1/18, 9, 10, 3
2025/1/19, 24, 4, 2
2025/1/20, 12, 6, 5
2025/1/21, 9, 6, 3
2025/1/22, 12, 3, 5
2025/1/23, 10, 4, 6
2025/1/24, 15, 6, 4
2025/1/25, 20, 8, 2
2025/1/26, 23, 6, 5
2025/1/27, 19, 6, 8
2025/1/28, 18, 7, 8
2025/1/29, 17, 3, 4
2025/1/30, 9, 2, 3
2025/1/31, 6, 2, 4
2025/2/1, 7, 2, 2
2025/2/2, 6, 2, 1
2025/2/3, 8, 5, 5
2025/2/4, 14, 6, 4
2025/2/5, 22, 7, 5
2025/2/6, 22, 6, 7
2025/2/7, 15, 5, 7
2025/2/8, 17, 10, 6
2025/2/9, 40, 8, 3
2025/2/10, 31, 3, 4
2025/2/11, 12, 4, 4
2025/2/12, 15, 3, 5
2025/2/13, 11, 5, 4
2025/2/14, 12, 4, 4
2025/2/15, 12, 5, 1
2025/2/16, 14, 3, 1
2025/2/17, 7, 3, 4
2025/2/18, 8, 3, 3
2025/2/19, 8, 6, 7
2025/2/20, 12, 28, 8
2025/2/21, 28, 8, 7
2025/2/22, 20, 19, 4
2025/2/23, 50, 16, 5
2025/2/24, 48, 12, 6
2025/2/25, 33, , 
2025/2/26, 15, 8, 5
2025/2/27, 17, , 
2025/2/28, 14, 8, 7
2025/3/1, 16, 6, 5
2025/3/2, 17, , 
2025/3/5, 21, 5, 4
2025/3/6, 9, 10, 4
2025/3/7, 14, 31, 5
2025/3/8, 36, 29, 1
2025/3/9, 21, , 4
2025/3/14, 61, 42, 3
2025/3/15, 30, 22, 1
2025/3/16, 13, 23, 
2025/3/17, 17, 8, 2
2025/3/18, 9, 5, 1
2025/3/19, 4, 12, 3
2025/3/20, 10, 21, 4
2025/3/21, 18, 26, 5
2025/3/22, 19, 23, 4
2025/3/23, 25, 21, 2
2025/3/24, 30, 42, 3
2025/3/25, 43, 39, 2
2025/3/26, 32, 44, 4
2025/3/27, 29, 31, 5
2025/3/28, 26, 26, 3
2025/3/29, 21, 17, 1
2025/3/30, 17, 24, 2
2025/3/31, 27, 25, 2
2025/4/1, 23, 34, 2
2024/10/2, 17, 13, 3
2024/10/3, 19, 10, 4
2024/10/4, 13, 11, 3
2024/10/5, 17, 9, 4
2024/10/6, 17, 5, 1
2024/10/7, 10, 3, 2
2024/10/8, 6, 7, 5
2024/10/9, 22, 5, 3
2024/10/10, 12, 4, 6
2024/10/11, 10, 9, 2
2024/10/12, 13, 10, 3
2024/10/13, 17, 8, 3
2024/10/14, 21, 6, 2
2024/10/15, 20, 24, 1
2024/10/16, 20, 27, 4
2024/10/17, 27, 21, 4
2024/10/18, 30, 16, 4
2024/10/19, 31, 23, 2
2024/10/20, 40, 11, 1
2024/10/21, 30, 10, 
2024/10/22, 27, 20, 3
2024/10/23, 21, 9, 1
2024/10/24, 9, 27, 4
2024/10/25, 27, 26, 3
2024/10/26, 31, 28, 4
2024/10/27, 34, 8, 2
2024/10/28, 21, 8, 2
2024/10/29, 8, 25, 2
2024/10/30, 20, 16, 1
2024/10/31, 13, 12, 4
2024/11/1, 16, 4, 1
2024/11/2, 9, 11, 
2024/11/3, 14, 6, 1
2024/11/4, 9, 4, 5
2024/11/5, 8, 4, 1
2024/11/6, 6, 3, 2
2024/11/7, 6, 3, 2
2024/11/8, 6, 4, 2
2024/11/9, 13, 4, 2
2024/11/10, 13, 4, 2
2024/11/11, 12, 4, 2
2024/11/12, 6, 3, 2
2024/11/13, 8, 5, 4
2024/11/14, 10, 34, 1
2024/11/15, 31, 35, 4
2024/11/16, 30, 9, 2
2024/11/17, 9, 1, 1
2024/11/18, 3, 3, 4
2024/11/19, 8, 12, 2
2024/11/20, 12, 5, 1
2024/11/21, 9, 10, 
2024/11/22, 10, 3, 2
2024/11/23, 8, 3, 3
2024/11/24, 11, 3, 3
2024/11/25, 10, 6, 10
2024/11/26, 15, 7, 5
2024/11/27, 21, 2, 5
2024/11/28, 7, 3, 4
2024/11/29, 11, 3, 3
2024/11/30, 11, 5, 4
2024/12/1, 17, , 
2024/12/3, 11, 2, 1
2024/12/4, 8, 2, 
2024/12/5, 5, 11, 9
2024/12/6, 26, 12, 7
2024/12/7, 37, 14, 5
2024/12/8, 50, 6, 1
2024/12/9, 26, 7, 4
2024/12/10, 20, 4, 4
2024/12/11, 13, 7, 4
2024/12/12, 19, 13, 5
2024/12/13, 17, 6, 6
2024/12/14, 14, 3, 3
2024/12/15, 11, 3, 3
2024/12/16, 10, 3, 2
2024/12/17, 8, 3, 3
2024/12/18, 7, 5, 5
2024/12/19, 17, 7, 6
2024/12/20, 21, 4, 4
2024/12/21, 13, 6, 4
2024/12/22, 21, 3, 4
2024/12/23, 13, 2, 3
2024/12/24, 9, 3, 3
2024/12/25, 10, 5, 4
2024/12/26, 14, 5, 4
2024/12/27, 16, 4, 4
2024/12/28, 13, 4, 4
2024/12/29, 17, 4, 3
2024/12/30, 16, , 
2024/7/2, 18, 10, 
2024/7/3, 11, 23, 1
2024/7/4, 21, 15, 2
2024/7/5, 21, 12, 1
2024/7/6, 14, 11, 1
2024/7/7, 13, 6, 
2024/7/8, 11, 8, 1
2024/7/9, 10, 9, 
2024/7/10, 12, 11, 1
2024/7/11, 18, 8, 2
2024/7/12, 18, 8, 
2024/7/13, 17, 7, 
2024/7/14, 14, 7, 
2024/7/15, 19, 12, 2
2024/7/16, 26, 11, 1
2024/7/17, 27, 8, 1
2024/7/18, 21, 9, 2
2024/7/19, 16, 4, 
2024/7/20, 7, 8, 
2024/7/21, 23, 14, 
2024/7/22, 43, 13, 1
2024/7/23, 34, 14, 2
2024/7/24, 39, 6, 
2024/7/25, 16, 11, 1
2024/7/26, 24, 11, 1
2024/7/27, 25, 8, 1
2024/7/28, 19, 6, 
2024/7/29, 14, 4, 
2024/7/30, 8, 5, 
2024/7/31, 12, 8, 
2024/8/1, 17, 7, 
2024/8/2, 12, 5, 
2024/8/3, 11, 9, 1
2024/8/4, 28, 13, 1
2024/8/5, 37, 15, 1
2024/8/6, 39, 16, 1
2024/8/7, 37, 17, 1
2024/8/8, 36, 13, 1
2024/8/9, 31, 8, 1
2024/8/10, 21, 4, 
2024/8/11, 11, 5, 
2024/8/12, 7, 4, 
2024/8/13, 5, 9, 1
2024/8/14, 15, 14, 2
2024/8/15, 27, , 
2024/8/20, 16, , 
2024/8/24, 21, 7, 
2024/8/25, 8, 6, 
2024/8/26, 14, 8, 
2024/8/27, 21, , 
2024/8/31, 49, 10, 1
2024/9/1, 20, 6, 
2024/9/2, 18, 12, 3
2024/9/3, 21, 18, 2
2024/9/4, 24, 29, 3
2024/9/5, 48, 54, 6
2024/9/6, 70, 37, 3
2024/9/7, 61, 34, 3
2024/9/8, 63, 41, 1
2024/9/9, 70, 52, 2
2024/9/10, 87, 19, 2
2024/9/11, 31, 6, 2
2024/9/12, 16, 8, 3
2024/9/13, 14, 12, 2
2024/9/14, 20, 7, 1
2024/9/15, 15, 8, 2
2024/9/16, 14, 20, 3
2024/9/17, 27, 7, 2
2024/9/18, 12, 8, 2
2024/9/19, 24, 14, 3
2024/9/20, 22, 10, 3
2024/9/21, 18, 7, 1
2024/9/22, 17, 9, 2
2024/9/23, 16, 18, 3
2024/9/24, 38, 22, 4
2024/9/25, 59, 10, 5
2024/9/26, 34, 9, 4
2024/9/27, 12, 7, 1
2024/9/28, 14, 6, 2
2024/9/29, 13, 6, 1
2024/9/30, 9, 11, 5
2024/10/1, 12, 10, 4
2024/4/2, 11, 34, 1
2024/4/3, 23, 36, 1
2024/4/4, 23, 36, 2
2024/4/5, 25, 10, 3
2024/4/6, 16, 7, 3
2024/4/7, 22, 4, 2
2024/4/8, 15, 23, 3
2024/4/9, 22, 59, 4
2024/4/10, 48, 27, 3
2024/4/11, 28, 26, 3
2024/4/12, 17, 34, 3
2024/4/13, 32, 21, 2
2024/4/14, 25, 22, 2
2024/4/15, 21, 2, 1
2024/4/16, 4, 19, 2
2024/4/17, 16, 21, 3
2024/4/18, 21, 34, 3
2024/4/19, 30, 34, 3
2024/4/20, 32, 21, 1
2024/4/21, 20, 21, 1
2024/4/22, 27, 23, 2
2024/4/23, 28, 14, 
2024/4/24, 26, , 
2024/4/26, 29, 6, 3
2024/4/27, 20, 6, 3
2024/4/28, 14, 16, 2
2024/4/29, 25, 7, 4
2024/4/30, 17, 27, 3
2024/5/1, 24, 24, 1
2024/5/2, 58, , 
2024/5/4, 33, 14, 1
2024/5/5, 21, 10, 2
2024/5/6, 16, 21, 2
2024/5/7, 17, 21, 2
2024/5/8, 19, 10, 3
2024/5/9, 20, 5, 1
2024/5/10, 13, 9, 
2024/5/11, 13, 11, 1
2024/5/12, 15, , 
2024/5/14, 35, 29, 3
2024/5/15, 35, 26, 3
2024/5/16, 30, 29, 3
2024/5/17, 39, 35, 4
2024/5/18, 49, 23, 1
2024/5/19, 40, 20, 
2024/5/20, 30, 13, 1
2024/5/21, 12, 17, 1
2024/5/22, 16, 22, 2
2024/5/23, 21, 20, 2
2024/5/24, 26, 24, 3
2024/5/25, 42, 21, 1
2024/5/26, 47, 10, 1
2024/5/27, 17, 26, 2
2024/5/28, 54, 25, 2
2024/5/29, 52, 29, 2
2024/5/30, 63, 26, 2
2024/5/31, 52, 24, 3
2024/6/1, 47, 17, 1
2024/6/2, 43, 14, 1
2024/6/3, 36, 26, 2
2024/6/4, 47, 18, 1
2024/6/5, 21, 204, 2
2024/6/6, 70, 50, 1
2024/6/7, 35, 42, 2
2024/6/8, 33, 28, 1
2024/6/9, 27, 13, 1
2024/6/10, 19, 16, 2
2024/6/11, 15, 11, 1
2024/6/12, 12, 23, 1
2024/6/13, 18, 40, 2
2024/6/14, 31, 35, 2
2024/6/15, 31, 23, 1
2024/6/16, 27, 15, 1
2024/6/17, 27, 39, 2
2024/6/18, 39, 12, 3
2024/6/19, 26, 13, 1
2024/6/20, 13, 25, 1
2024/6/21, 21, 7, 
2024/6/22, 9, 16, 
2024/6/23, 14, 23, 1
2024/6/24, 23, 13, 1
2024/6/25, 21, 28, 2
2024/6/26, 33, 18, 1
2024/6/27, 26, 27, 1
2024/6/28, 32, 25, 3
2024/6/29, 45, 9, 
2024/6/30, 19, 9, 
2024/7/1, 15, 13, 2
2024/1/2, 12, 2, 3
2024/1/3, 6, 3, 3
2024/1/4, 8, 4, 4
2024/1/5, 13, 3, 4
2024/1/6, 13, 4, 3
2024/1/7, 19, 3, 2
2024/1/8, 11, 2, 4
2024/1/9, 5, 1, 1
2024/1/10, 2, 2, 1
2024/1/11, 3, 3, 6
2024/1/12, 6, 2, 3
2024/1/13, 5, 3, 4
2024/1/14, 9, 2, 1
2024/1/15, 6, 2, 4
2024/1/16, 6, 4, 6
2024/1/17, 12, 6, 6
2024/1/18, 20, 5, 4
2024/1/19, 14, 5, 5
2024/1/20, 19, 4, 3
2024/1/21, 18, 7, 6
2024/1/22, 26, 2, 3
2024/1/23, 8, 2, 3
2024/1/24, 5, 5, 8
2024/1/25, 14, 3, 8
2024/1/26, 11, 5, 6
2024/1/27, 20, 6, 7
2024/1/28, 20, 4, 5
2024/1/29, 14, 10, 5
2024/1/30, 25, 6, 8
2024/1/31, 16, 4, 6
2024/2/1, 13, 3, 1
2024/2/2, 9, 5, 7
2024/2/3, 14, 3, 1
2024/2/4, 9, 4, 
2024/2/5, 6, 3, 4
2024/2/6, 8, 6, 4
2024/2/7, 14, 4, 6
2024/2/8, 15, 12, 7
2024/2/9, 23, 14, 7
2024/2/10, 30, 8, 4
2024/2/11, 31, 6, 4
2024/2/12, 22, 6, 4
2024/2/13, 18, 4, 4
2024/2/14, 12, , 
2024/2/16, 19, 3, 5
2024/2/17, 11, 1, 1
2024/2/18, 5, 2, 3
2024/2/19, 5, 6, 8
2024/2/20, 22, 9, 9
2024/2/21, 26, 9, 8
2024/2/22, 29, 4, 4
2024/2/23, 13, 4, 2
2024/2/24, 13, 4, 5
2024/2/25, 15, 7, 6
2024/2/26, 18, 4, 6
2024/2/27, 12, 6, 5
2024/2/28, 10, 3, 6
2024/2/29, 9, 8, 7
2024/3/1, 23, 12, 4
2024/3/2, 39, 11, 3
2024/3/3, 38, 11, 4
2024/3/4, 43, 7, 5
2024/3/5, 25, 6, 5
2024/3/6, 19, 7, 4
2024/3/7, 17, 9, 2
2024/3/8, 15, 14, 6
2024/3/9, 21, 15, 3
2024/3/10, 18, , 
2024/3/20, 32, 10, 4
2024/3/21, 14, 10, 3
2024/3/22, 13, 10, 3
2024/3/23, 12, 10, 2
2024/3/24, 10, 5, 2
2024/3/25, 11, 5, 4
2024/3/26, 15, 6, 4
2024/3/27, 16, 6, 4
2024/3/28, 23, 14, 5
2024/3/29, 51, 4, 3
2024/3/30, 16, 4, 3
2024/3/31, 12, 5, 3
2024/4/1, 18, 11, 
2023/10/2, 8, 11, 2
2023/10/3, 21, 16, 2
2023/10/4, 21, 12, 2
2023/10/5, 14, 10, 1
2023/10/6, 12, 14, 3
2023/10/7, 15, 3, 
2023/10/8, 5, 3, 
2023/10/9, 5, 6, 2
2023/10/10, 6, , 
2023/10/12, 14, 7, 1
2023/10/13, 8, 24, 4
2023/10/14, 23, 4, 1
2023/10/15, 7, 4, 
2023/10/16, 6, 12, 
2023/10/17, 12, 12, 3
2023/10/18, 14, 10, 2
2023/10/19, 14, 15, 2
2023/10/20, 15, 4, 3
2023/10/21, 10, 4, 3
2023/10/22, 11, 5, 2
2023/10/23, 15, 7, 3
2023/10/24, 21, 21, 4
2023/10/25, 24, 27, 4
2023/10/26, 29, 16, 5
2023/10/27, 27, 29, 2
2023/10/28, 29, 38, 2
2023/10/29, 33, 43, 3
2023/10/30, 37, 17, 3
2023/10/31, 20, 3, 1
2023/11/1, 6, 3, 1
2023/11/2, 5, 3, 6
2023/11/3, 11, 4, 2
2023/11/4, 13, 2, 2
2023/11/5, 5, 2, 3
2023/11/6, 6, 6, 4
2023/11/7, 19, 2, 3
2023/11/8, 9, 5, 3
2023/11/9, 11, 8, 3
2023/11/10, 18, 1, 2
2023/11/11, 3, 1, 1
2023/11/12, 5, 2, 2
2023/11/13, 9, 4, 3
2023/11/14, 8, 5, 3
2023/11/15, 8, 2, 4
2023/11/16, 7, 3, 4
2023/11/17, 11, 3, 6
2023/11/18, 12, 3, 3
2023/11/19, 11, 4, 3
2023/11/20, 15, 3, 3
2023/11/21, 10, 6, 6
2023/11/22, 22, 2, 3
2023/11/23, 6, 2, 6
2023/11/24, 5, 3, 2
2023/11/25, 12, 2, 2
2023/11/26, 6, 1, 2
2023/11/27, 4, 5, 3
2023/11/28, 14, 3, 2
2023/11/29, 8, 3, 3
2023/11/30, 10, 5, 4
2023/12/1, 18, 3, 3
2023/12/2, 12, 3, 1
2023/12/3, 14, 3, 1
2023/12/4, 11, 2, 4
2023/12/5, 8, 3, 4
2023/12/6, 10, 6, 4
2023/12/7, 17, 5, 5
2023/12/8, 21, 6, 5
2023/12/9, 24, 6, 2
2023/12/10, 22, 9, 4
2023/12/11, 37, 8, 5
2023/12/12, 31, , 
2023/12/14, 18, 6, 5
2023/12/15, 20, 7, 5
2023/12/16, 27, 7, 5
2023/12/17, 25, 5, 3
2023/12/18, 14, 3, 6
2023/12/19, 9, 3, 1
2023/12/20, 7, 3, 5
2023/12/21, 9, 4, 5
2023/12/22, 14, 3, 2
2023/12/23, 9, 2, 1
2023/12/24, 5, 3, 2
2023/12/25, 12, 4, 1
2023/12/26, 18, 4, 3
2023/12/27, 19, 3, 1
2023/12/28, 11, 4, 5
2023/12/29, 15, 2, 4
2023/12/30, 6, 3, 1
2023/12/31, 13, 4, 1
2024/1/1, 16, 3, 2
2023/7/2, 29, 8, 
2023/7/3, 17, 13, 
2023/7/4, 18, 11, 
2023/7/5, 22, 16, 
2023/7/6, 22, 13, 
2023/7/7, 26, 17, 
2023/7/8, 36, 14, 
2023/7/9, 27, 18, 
2023/7/10, 30, 25, 
2023/7/11, 30, 24, 
2023/7/12, 34, 18, 
2023/7/13, 29, 14, 
2023/7/14, 22, 12, 
2023/7/15, 19, 8, 
2023/7/16, 10, 9, 
2023/7/17, 19, 10, 
2023/7/18, 17, 7, 
2023/7/19, 11, 7, 
2023/7/20, 10, 10, 
2023/7/21, 15, 11, 
2023/7/22, 13, 7, 
2023/7/23, 11, 8, 
2023/7/24, 14, 9, 
2023/7/25, 13, 12, 
2023/7/26, 19, 11, 
2023/7/27, 21, 13, 
2023/7/28, 24, 10, 
2023/7/29, 14, 7, 
2023/7/30, 18, 10, 
2023/7/31, 23, 16, 
2023/8/1, 25, 9, 
2023/8/2, 14, 6, 2
2023/8/3, 12, 13, 2
2023/8/4, 15, 6, 1
2023/8/5, 16, 5, 1
2023/8/6, 8, 9, 1
2023/8/7, 20, 14, 2
2023/8/8, 35, 21, 1
2023/8/9, 41, 9, 1
2023/8/10, 15, 4, 3
2023/8/11, 11, 7, 2
2023/8/12, 12, 10, 1
2023/8/13, 19, 7, 2
2023/8/14, 20, 9, 1
2023/8/15, 15, 18, 2
2023/8/16, 30, 11, 1
2023/8/17, 25, 7, 1
2023/8/18, 11, 13, 2
2023/8/19, 15, 8, 1
2023/8/20, 13, 9, 1
2023/8/21, 19, 16, 2
2023/8/22, 28, 11, 1
2023/8/23, 19, 12, 2
2023/8/24, 18, 12, 2
2023/8/25, 24, 13, 3
2023/8/26, 23, 8, 2
2023/8/27, 21, 9, 2
2023/8/28, 22, 9, 3
2023/8/29, 18, 13, 2
2023/8/30, 15, 23, 3
2023/8/31, 28, 12, 2
2023/9/1, 20, 11, 1
2023/9/2, 18, 7, 1
2023/9/3, 11, 6, 1
2023/9/4, 10, 14, 3
2023/9/5, 16, 7, 1
2023/9/6, 10, 11, 2
2023/9/7, 17, 13, 1
2023/9/8, 17, 16, 2
2023/9/9, 26, 20, 2
2023/9/10, 45, 16, 2
2023/9/11, 45, 23, 2
2023/9/12, 44, 11, 2
2023/9/13, 21, 8, 1
2023/9/14, 9, 9, 2
2023/9/15, 10, 15, 2
2023/9/16, 18, 6, 1
2023/9/17, 13, 4, 
2023/9/18, 7, 9, 1
2023/9/19, 13, 6, 2
2023/9/20, 16, 7, 1
2023/9/21, 8, 11, 2
2023/9/22, 23, 18, 3
2023/9/23, 41, 10, 1
2023/9/24, 23, 7, 1
2023/9/25, 13, 12, 3
2023/9/26, 21, 14, 3
2023/9/27, 21, 22, 3
2023/9/28, 33, 14, 2
2023/9/29, 17, 17, 4
2023/9/30, 38, 11, 1
2023/10/1, 32, 5, 1
2023/4/4, 32, 13, 
2023/4/5, 15, 22, 
2023/4/6, 25, 10, 
2023/4/7, 19, 7, 
2023/4/8, 16, 36, 
2023/4/9, 30, 49, 
2023/4/10, 31, 5, 
2023/4/11, 16, 97, 
2023/4/12, 62, 39, 
2023/4/13, 51, 41, 
2023/4/14, 43, 87, 
2023/4/15, 56, , 
2023/4/18, 36, 47, 
2023/4/19, 35, 57, 
2023/4/20, 43, 32, 
2023/4/21, 26, 39, 
2023/4/22, 31, 45, 
2023/4/23, 39, 14, 
2023/4/24, 17, 5, 
2023/4/25, 13, 4, 
2023/4/26, 14, 17, 
2023/4/27, 18, 16, 
2023/4/28, 15, 49, 
2023/4/29, 35, 42, 
2023/4/30, 33, 38, 
2023/5/1, 29, 55, 
2023/5/2, 38, 51, 
2023/5/3, 36, 40, 
2023/5/4, 29, 38, 
2023/5/5, 27, 49, 
2023/5/6, 41, 33, 
2023/5/7, 31, 26, 
2023/5/8, 26, 45, 
2023/5/9, 41, 56, 
2023/5/10, 49, 42, 
2023/5/11, 46, 52, 
2023/5/12, 56, 42, 
2023/5/13, 55, 25, 
2023/5/14, 46, 33, 
2023/5/15, 61, 36, 
2023/5/16, 63, 46, 
2023/5/17, 61, 10, 
2023/5/18, 12, 17, 
2023/5/19, 17, 40, 
2023/5/20, 38, 29, 
2023/5/21, 36, 29, 
2023/5/22, 45, 44, 
2023/5/23, 54, 43, 
2023/5/24, 53, 29, 
2023/5/25, 36, 25, 
2023/5/26, 24, 18, 
2023/5/27, 17, 20, 
2023/5/28, 22, 15, 
2023/5/29, 16, 14, 
2023/5/30, 18, 23, 
2023/5/31, 26, 25, 
2023/6/1, 19, 15, 
2023/6/2, 13, 12, 
2023/6/3, 11, 14, 
2023/6/4, 18, 6, 
2023/6/5, 7, 11, 
2023/6/6, 13, 8, 
2023/6/7, 10, 16, 
2023/6/8, 16, 9, 
2023/6/9, 12, 18, 
2023/6/10, 16, 15, 
2023/6/11, 16, 15, 
2023/6/12, 18, 30, 
2023/6/13, 38, 24, 
2023/6/14, 39, 27, 
2023/6/15, 44, 28, 
2023/6/16, 51, 29, 
2023/6/17, 50, 19, 
2023/6/18, 34, 23, 
2023/6/19, 49, 31, 
2023/6/20, 59, 79, 
2023/6/21, 71, 32, 
2023/6/22, 68, 19, 
2023/6/23, 45, 7, 
2023/6/24, 14, 6, 
2023/6/25, 12, 8, 
2023/6/26, 15, 16, 
2023/6/27, 29, 18, 
2023/6/28, 35, 21, 
2023/6/29, 46, 22, 
2023/6/30, 54, 24, 
2023/7/1, 49, 12, 
2023/1/3, 14, 2, 
2023/1/4, 7, 5, 
2023/1/5, 12, 5, 
2023/1/6, 15, 3, 
2023/1/7, 10, 4, 
2023/1/8, 12, 1, 
2023/1/9, 6, 3, 
2023/1/10, 11, 4, 
2023/1/11, 14, 3, 
2023/1/12, 11, 4, 
2023/1/13, 12, 5, 
2023/1/14, 12, 3, 
2023/1/15, 10, 2, 
2023/1/16, 6, 2, 
2023/1/17, 8, 5, 
2023/1/18, 15, 3, 
2023/1/19, 10, 4, 
2023/1/20, 16, 3, 
2023/1/21, 11, 3, 
2023/1/22, 12, 7, 
2023/1/23, 23, 8, 
2023/1/24, 23, 4, 
2023/1/25, 15, 3, 
2023/1/26, 7, 2, 
2023/1/27, 6, 4, 
2023/1/28, 10, 3, 
2023/1/29, 9, 2, 
2023/1/30, 6, 1, 
2023/1/31, 3, 4, 
2023/2/1, 10, 3, 
2023/2/2, 6, 5, 
2023/2/3, 6, , 
2023/2/7, 21, 4, 
2023/2/8, 10, 4, 
2023/2/9, 10, 4, 
2023/2/10, 13, 4, 
2023/2/11, 8, , 
2023/2/12, 22, , 
2023/2/16, 25, 11, 
2023/2/17, 30, 13, 
2023/2/18, 28, 1, 
2023/2/19, 2, , 
2023/2/23, 29, 3, 
2023/2/24, 12, , 
2023/2/28, 4, 3, 
2023/3/1, 6, 2, 
2023/3/2, 5, 19, 
2023/3/3, 20, 41, 
2023/3/4, 21, , 
2023/3/16, 10, 7, 
2023/3/17, 15, 15, 
2023/3/18, 22, , 
2023/3/20, 9, 4, 
2023/3/21, 9, 6, 
2023/3/22, 8, 5, 
2023/3/23, 12, 9, 
2023/3/24, 13, 6, 
2023/3/25, 18, 15, 
2023/3/26, 19, 66, 
2023/3/27, 41, 114, 
2023/3/28, 60, 79, 
2023/3/29, 45, 34, 
2023/3/30, 25, 37, 
2023/3/31, 33, 24, 
2023/4/1, 24, , 
2022/10/2, 27, 15, 
2022/10/3, 35, 12, 
2022/10/4, 25, 19, 
2022/10/5, 19, 13, 
2022/10/6, 15, 9, 
2022/10/7, 8, 12, 
2022/10/8, 18, 5, 
2022/10/9, 7, 8, 
2022/10/10, 7, 18, 
2022/10/11, 20, 7, 
2022/10/12, 10, 13, 
2022/10/13, 12, 18, 
2022/10/14, 21, 15, 
2022/10/15, 40, 17, 
2022/10/16, 33, 6, 
2022/10/17, 11, 14, 
2022/10/18, 15, 9, 
2022/10/19, 8, 14, 
2022/10/20, 12, 21, 
2022/10/21, 16, 27, 
2022/10/22, 27, 19, 
2022/10/23, 25, 13, 
2022/10/24, 16, 36, 
2022/10/25, 34, 5, 
2022/10/26, 14, 5, 
2022/10/27, 10, 5, 
2022/10/28, 11, 6, 
2022/10/29, 16, 9, 
2022/10/30, 12, 18, 
2022/10/31, 18, 29, 
2022/11/1, 29, 5, 
2022/11/2, 15, 11, 
2022/11/3, 32, 11, 
2022/11/4, 31, 37, 
2022/11/5, 47, 16, 
2022/11/6, 20, 8, 
2022/11/7, 21, 4, 
2022/11/8, 11, 12, 
2022/11/9, 14, 5, 
2022/11/10, 16, 8, 
2022/11/11, 23, 6, 
2022/11/12, 16, 21, 
2022/11/13, 18, 39, 
2022/11/14, 43, 37, 
2022/11/15, 36, 4, 
2022/11/16, 9, 29, 
2022/11/17, 23, 32, 
2022/11/18, 24, 4, 
2022/11/19, 11, 7, 
2022/11/20, 11, 6, 
2022/11/21, 9, 5, 
2022/11/22, 14, 7, 
2022/11/23, 22, 6, 
2022/11/24, 18, 7, 
2022/11/25, 22, 8, 
2022/11/26, 25, 9, 
2022/11/27, 33, 8, 
2022/11/28, 29, 12, 
2022/11/29, 38, 7, 
2022/11/30, 25, 7, 
2022/12/1, 27, 6, 
2022/12/2, 25, 6, 
2022/12/3, 21, 5, 
2022/12/4, 9, 15, 
2022/12/5, 16, 42, 
2022/12/6, 29, 4, 
2022/12/7, 9, 17, 
2022/12/8, 19, 6, 
2022/12/9, 12, 4, 
2022/12/10, 13, 4, 
2022/12/11, 15, 4, 
2022/12/12, 15, 4, 
2022/12/13, 13, 3, 
2022/12/14, 9, 5, 
2022/12/15, 15, 6, 
2022/12/16, 20, 6, 
2022/12/17, 18, 10, 
2022/12/18, 36, 9, 
2022/12/19, 35, 4, 
2022/12/20, 13, 10, 
2022/12/21, 38, 8, 
2022/12/22, 29, 4, 
2022/12/23, 15, 3, 
2022/12/24, 10, 2, 
2022/12/25, 8, 7, 
2022/12/26, 23, 3, 
2022/12/27, 11, 2, 
2022/12/28, 8, 5, 
2022/12/29, 14, 5, 
2022/12/30, 15, 4, 
2022/12/31, 13, 4, 
2023/1/1, 12, 3, 
2023/1/2, 9, 4, 
2022/7/2, 65, 18, 
2022/7/3, 43, 8, 
2022/7/4, 12, 13, 
2022/7/5, 22, 7, 
2022/7/6, 9, 6, 
2022/7/7, 6, 6, 
2022/7/8, 6, 6, 
2022/7/9, 7, 3, 
2022/7/10, 7, 5, 
2022/7/11, 8, 11, 
2022/7/12, 13, 11, 
2022/7/13, 13, 12, 
2022/7/14, 18, 5, 
2022/7/15, 6, 4, 
2022/7/16, 5, 4, 
2022/7/17, 5, 3, 
2022/7/18, 5, 7, 
2022/7/19, 9, 4, 
2022/7/20, 8, 11, 
2022/7/21, 19, 15, 
2022/7/22, 31, 4, 
2022/7/23, 7, 4, 
2022/7/24, 7, 6, 
2022/7/25, 13, 9, 
2022/7/26, 22, 7, 
2022/7/27, 18, 4, 
2022/7/28, 5, 3, 
2022/7/29, 4, 5, 
2022/7/30, 7, 6, 
2022/7/31, 10, 9, 
2022/8/1, 19, 12, 
2022/8/2, 27, 4, 
2022/8/3, 7, 6, 
2022/8/4, 10, 6, 
2022/8/5, 14, 8, 
2022/8/6, 16, 4, 
2022/8/7, 7, 4, 
2022/8/8, 11, 10, 
2022/8/9, 20, 11, 
2022/8/10, 22, 8, 
2022/8/11, 15, 7, 
2022/8/12, 11, 5, 
2022/8/13, 10, 8, 
2022/8/14, 16, 9, 
2022/8/15, 22, 15, 
2022/8/16, 30, , 
2022/8/18, 35, 8, 
2022/8/19, 11, 14, 
2022/8/20, 32, , 
2022/8/23, 12, 11, 
2022/8/24, 19, 13, 
2022/8/25, 28, 12, 
2022/8/26, 21, 10, 
2022/8/27, 18, 11, 
2022/8/28, 28, 4, 
2022/8/29, 7, 4, 
2022/8/30, 5, 6, 
2022/8/31, 7, 5, 
2022/9/1, 7, 6, 
2022/9/2, 7, 7, 
2022/9/3, 9, 5, 
2022/9/4, 9, 5, 
2022/9/5, 8, 8, 
2022/9/6, 12, 7, 
2022/9/7, 11, 8, 
2022/9/8, 11, 8, 
2022/9/9, 9, 10, 
2022/9/10, 17, 10, 
2022/9/11, 20, 9, 
2022/9/12, 18, 13, 
2022/9/13, 23, 8, 
2022/9/14, 18, 6, 
2022/9/15, 13, 3, 
2022/9/16, 8, 4, 
2022/9/17, 7, 3, 
2022/9/18, 8, 3, 
2022/9/19, 5, 5, 
2022/9/20, 8, , 
2022/9/24, 24, 7, 
2022/9/25, 21, , 
2022/9/27, 22, 9, 
2022/9/28, 30, 13, 
2022/9/29, 21, 5, 
2022/9/30, 15, 15, 
2022/10/1, 23, 10, 
2022/4/2, 29, 24, 
2022/4/3, 19, 9, 
2022/4/4, 8, 24, 
2022/4/5, 16, 30, 
2022/4/6, 21, 36, 
2022/4/7, 24, 15, 
2022/4/8, 23, 6, 
2022/4/9, 10, 3, 
2022/4/10, 9, 2, 
2022/4/11, 6, 35, 
2022/4/12, 22, 38, 
2022/4/13, 23, 45, 
2022/4/14, 38, 31, 
2022/4/15, 25, 40, 
2022/4/16, 29, 47, 
2022/4/17, 31, 16, 
2022/4/18, 18, 21, 
2022/4/19, 29, 72, 
2022/4/20, 40, 42, 
2022/4/21, 45, 38, 
2022/4/22, 34, 48, 
2022/4/23, 39, 26, 
2022/4/24, 22, 23, 
2022/4/25, 19, 35, 
2022/4/26, 26, 21, 
2022/4/27, 15, 26, 
2022/4/28, 19, 22, 
2022/4/29, 16, 16, 
2022/4/30, 17, 14, 
2022/5/1, 14, 11, 
2022/5/2, 12, 26, 
2022/5/3, 19, 9, 
2022/5/4, 10, 13, 
2022/5/5, 13, 16, 
2022/5/6, 18, 19, 
2022/5/7, 20, 9, 
2022/5/8, 12, 6, 
2022/5/9, 10, 22, 
2022/5/10, 21, 20, 
2022/5/11, 24, 14, 
2022/5/12, 14, 9, 
2022/5/13, 9, 16, 
2022/5/14, 13, 10, 
2022/5/15, 10, 6, 
2022/5/16, 7, 8, 
2022/5/17, 10, 17, 
2022/5/18, 17, 21, 
2022/5/19, 23, 23, 
2022/5/20, 22, 24, 
2022/5/21, 25, 12, 
2022/5/22, 23, , 
2022/5/24, 40, 29, 
2022/5/25, 37, 14, 
2022/5/26, 37, 16, 
2022/5/27, 36, 13, 
2022/5/28, 29, 7, 
2022/5/29, 12, 9, 
2022/5/30, 9, 22, 
2022/5/31, 33, 17, 
2022/6/1, 41, 16, 
2022/6/2, 28, 21, 
2022/6/3, 31, 19, 
2022/6/4, 27, 11, 
2022/6/5, 20, 7, 
2022/6/6, 13, 16, 
2022/6/7, 16, 21, 
2022/6/8, 22, 17, 
2022/6/9, 26, 26, 
2022/6/10, 51, 20, 
2022/6/11, 40, 14, 
2022/6/12, 33, 11, 
2022/6/13, 18, 11, 
2022/6/14, 13, 8, 
2022/6/15, 8, 8, 
2022/6/16, 8, 7, 
2022/6/17, 8, 12, 
2022/6/18, 11, 7, 
2022/6/19, 14, 6, 
2022/6/20, 11, 12, 
2022/6/21, 20, 13, 
2022/6/22, 22, 11, 
2022/6/23, 12, 10, 
2022/6/24, 17, 11, 
2022/6/25, 25, 16, 
2022/6/26, 43, 25, 
2022/6/27, 57, 28, 
2022/6/28, 63, 33, 
2022/6/29, 68, 27, 
2022/6/30, 68, 32, 
2022/7/1, 68, 26, 
2022/1/4, 22, 1, 
2022/1/5, 4, 3, 
2022/1/6, 6, 2, 
2022/1/7, 7, 3, 
2022/1/8, 10, 3, 
2022/1/9, 12, 5, 
2022/1/10, 20, 6, 
2022/1/11, 22, 6, 
2022/1/12, 25, 3, 
2022/1/13, 10, 2, 
2022/1/14, 3, 3, 
2022/1/15, 6, 3, 
2022/1/16, 8, 4, 
2022/1/17, 7, 7, 
2022/1/18, 8, 6, 
2022/1/19, 13, 4, 
2022/1/20, 5, 29, 
2022/1/21, 18, 25, 
2022/1/22, 20, 9, 
2022/1/23, 18, 4, 
2022/1/24, 14, 3, 
2022/1/25, 9, 4, 
2022/1/26, 11, 4, 
2022/1/27, 13, 6, 
2022/1/28, 17, 4, 
2022/1/29, 9, 7, 
2022/1/30, 17, 2, 
2022/1/31, 3, 3, 
2022/2/1, 9, 5, 
2022/2/2, 16, 5, 
2022/2/3, 18, 7, 
2022/2/4, 23, 6, 
2022/2/5, 16, 4, 
2022/2/6, 14, 5, 
2022/2/7, 18, 3, 
2022/2/8, 9, 9, 
2022/2/9, 25, 5, 
2022/2/10, 9, 2, 
2022/2/11, 6, 2, 
2022/2/12, 6, 5, 
2022/2/13, 12, 3, 
2022/2/14, 7, 4, 
2022/2/15, 10, 3, 
2022/2/16, 10, 3, 
2022/2/17, 9, 2, 
2022/2/18, 6, 3, 
2022/2/19, 10, 3, 
2022/2/20, 13, 6, 
2022/2/21, 19, 6, 
2022/2/22, 19, 4, 
2022/2/23, 13, 7, 
2022/2/24, 18, 3, 
2022/2/25, 8, 4, 
2022/2/26, 11, 9, 
2022/2/27, 22, 7, 
2022/2/28, 18, 8, 
2022/3/1, 19, 7, 
2022/3/2, 25, 2, 
2022/3/3, 5, 4, 
2022/3/4, 9, 14, 
2022/3/5, 20, 9, 
2022/3/6, 13, 5, 
2022/3/7, 8, 4, 
2022/3/8, 10, 6, 
2022/3/9, 17, 5, 
2022/3/10, 14, 9, 
2022/3/11, 23, 21, 
2022/3/12, 48, 61, 
2022/3/13, 55, 117, 
2022/3/14, 72, 101, 
2022/3/15, 68, 87, 
2022/3/16, 75, 52, 
2022/3/17, 95, 42, 
2022/3/18, 91, 21, 
2022/3/19, 41, 38, 
2022/3/20, 30, 43, 
2022/3/21, 34, 75, 
2022/3/22, 48, 57, 
2022/3/23, 56, 42, 
2022/3/24, 52, 61, 
2022/3/25, 53, 35, 
2022/3/26, 30, 64, 
2022/3/27, 44, 19, 
2022/3/28, 20, 11, 
2022/3/29, 11, 36, 
2022/3/30, 24, 35, 
2022/3/31, 23, 31, 
2022/4/1, 25, 38, 
2021/10/2, 26, 11, 
2021/10/3, 33, 17, 
2021/10/4, 56, 13, 
2021/10/5, 28, 14, 
2021/10/6, 26, 13, 
2021/10/7, 41, 8, 
2021/10/8, 10, 15, 
2021/10/9, 31, 13, 
2021/10/10, 30, 8, 
2021/10/11, 18, 7, 
2021/10/12, 9, 7, 
2021/10/13, 8, 8, 
2021/10/14, 11, 6, 
2021/10/15, 11, 4, 
2021/10/16, 10, 4, 
2021/10/17, 7, 4, 
2021/10/18, 6, 9, 
2021/10/19, 11, 12, 
2021/10/20, 14, 4, 
2021/10/21, 10, 6, 
2021/10/22, 13, 7, 
2021/10/23, 8, 15, 
2021/10/24, 20, 30, 
2021/10/25, 34, 20, 
2021/10/26, 30, 12, 
2021/10/27, 19, 8, 
2021/10/28, 16, 9, 
2021/10/29, 24, 13, 
2021/10/30, 27, 13, 
2021/10/31, 44, 12, 
2021/11/1, 40, 16, 
2021/11/2, 42, 30, 
2021/11/3, 79, 22, 
2021/11/4, 62, 4, 
2021/11/5, 12, 10, 
2021/11/6, 17, 23, 
2021/11/7, 19, 8, 
2021/11/8, 10, 18, 
2021/11/9, 18, 7, 
2021/11/10, 12, 4, 
2021/11/11, 11, 4, 
2021/11/12, 9, 2, 
2021/11/13, 5, 7, 
2021/11/14, 17, 5, 
2021/11/15, 16, 3, 
2021/11/16, 6, 11, 
2021/11/17, 30, 11, 
2021/11/18, 24, 7, 
2021/11/19, 19, 5, 
2021/11/20, 12, 3, 
2021/11/21, 6, 12, 
2021/11/22, 10, 8, 
2021/11/23, 11, 3, 
2021/11/24, 6, 7, 
2021/11/25, 18, 4, 
2021/11/26, 9, 31, 
2021/11/27, 33, 18, 
2021/11/28, 25, 7, 
2021/11/29, 12, 7, 
2021/11/30, 16, 15, 
2021/12/1, 16, 32, 
2021/12/2, 29, 10, 
2021/12/3, 13, 5, 
2021/12/4, 18, 6, 
2021/12/5, 20, 4, 
2021/12/6, 13, 5, 
2021/12/7, 15, 6, 
2021/12/8, 20, 8, 
2021/12/9, 29, 8, 
2021/12/10, 25, 13, 
2021/12/11, 36, 11, 
2021/12/12, 35, 6, 
2021/12/13, 24, 9, 
2021/12/14, 33, 6, 
2021/12/15, 22, 4, 
2021/12/16, 14, 2, 
2021/12/17, 6, 6, 
2021/12/18, 16, 2, 
2021/12/19, 6, 2, 
2021/12/20, 5, 7, 
2021/12/21, 10, 29, 
2021/12/22, 25, 13, 
2021/12/23, 26, 3, 
2021/12/24, 5, 3, 
2021/12/25, 4, 3, 
2021/12/26, 8, 6, 
2021/12/27, 18, 8, 
2021/12/28, 26, 13, 
2021/12/29, 33, 8, 
2021/12/30, 32, 10, 
2021/12/31, 35, 4, 
2022/1/1, 16, 4, 
2022/1/2, 16, 14, 
2022/1/3, 38, 6, 
2021/7/2, 16, 16, 
2021/7/3, 21, 14, 
2021/7/4, 28, 16, 
2021/7/5, 37, 21, 
2021/7/6, 36, 25, 
2021/7/7, 50, 19, 
2021/7/8, 43, 11, 
2021/7/9, 22, 16, 
2021/7/10, 32, 15, 
2021/7/11, 36, 13, 
2021/7/12, 37, 10, 
2021/7/13, 17, 15, 
2021/7/14, 34, 23, 
2021/7/15, 46, 13, 
2021/7/16, 32, 12, 
2021/7/17, 24, 12, 
2021/7/18, 35, 10, 
2021/7/19, 14, 14, 
2021/7/20, 21, 15, 
2021/7/21, 15, 43, 
2021/7/22, 18, 21, 
2021/7/23, 21, 10, 
2021/7/24, 10, 11, 
2021/7/25, 29, 13, 
2021/7/26, 35, 20, 
2021/7/27, 42, 63, 
2021/7/28, 50, 27, 
2021/7/29, 56, 24, 
2021/7/30, 53, 8, 
2021/7/31, 19, 8, 
2021/8/1, 21, 5, 
2021/8/2, 11, 4, 
2021/8/3, 5, 7, 
2021/8/4, 8, 5, 
2021/8/5, 7, 10, 
2021/8/6, 18, 14, 
2021/8/7, 28, 13, 
2021/8/8, 19, 6, 
2021/8/9, 15, 16, 
2021/8/10, 33, 13, 
2021/8/11, 25, 13, 
2021/8/12, 27, 21, 
2021/8/13, 29, 18, 
2021/8/14, 30, 11, 
2021/8/15, 26, 8, 
2021/8/16, 16, 17, 
2021/8/17, 20, 4, 
2021/8/18, 9, 6, 
2021/8/19, 10, 5, 
2021/8/20, 7, 4, 
2021/8/21, 6, 3, 
2021/8/22, 6, 3, 
2021/8/23, 6, 7, 
2021/8/24, 14, 9, 
2021/8/25, 14, 8, 
2021/8/26, 7, 3, 
2021/8/27, 7, 13, 
2021/8/28, 18, 13, 
2021/8/29, 22, 11, 
2021/8/30, 22, 12, 
2021/8/31, 18, 7, 
2021/9/1, 13, 7, 
2021/9/2, 13, 6, 
2021/9/3, 13, 4, 
2021/9/4, 7, 4, 
2021/9/5, 8, 5, 
2021/9/6, 10, 9, 
2021/9/7, 16, 15, 
2021/9/8, 26, 9, 
2021/9/9, 13, 7, 
2021/9/10, 12, 8, 
2021/9/11, 15, 5, 
2021/9/12, 16, 5, 
2021/9/13, 16, 5, 
2021/9/14, 8, 7, 
2021/9/15, 10, 11, 
2021/9/16, 12, 15, 
2021/9/17, 19, 13, 
2021/9/18, 25, 8, 
2021/9/19, 20, 10, 
2021/9/20, 23, 15, 
2021/9/21, 23, 12, 
2021/9/22, 19, 13, 
2021/9/23, 18, 5, 
2021/9/24, 13, 6, 
2021/9/25, 8, 6, 
2021/9/26, 11, 10, 
2021/9/27, 13, 19, 
2021/9/28, 21, 9, 
2021/9/29, 20, 22, 
2021/9/30, 45, 24, 
2021/10/1, 52, 9, 
2021/4/2, 19, 18, 
2021/4/3, 14, 8, 
2021/4/4, 9, 37, 
2021/4/5, 27, 24, 
2021/4/6, 16, 3, 
2021/4/7, 4, 18, 
2021/4/8, 16, 33, 
2021/4/9, 22, 11, 
2021/4/10, 10, 30, 
2021/4/11, 18, 48, 
2021/4/12, 31, 6, 
2021/4/13, 8, 6, 
2021/4/14, 4, 29, 
2021/4/15, 20, 27, 
2021/4/16, 24, 28, 
2021/4/17, 21, 24, 
2021/4/18, 25, 22, 
2021/4/19, 26, 32, 
2021/4/20, 32, 44, 
2021/4/21, 44, 39, 
2021/4/22, 35, 19, 
2021/4/23, 14, 21, 
2021/4/24, 14, 10, 
2021/4/25, 8, 9, 
2021/4/26, 8, 23, 
2021/4/27, 19, 18, 
2021/4/28, 17, 20, 
2021/4/29, 17, 36, 
2021/4/30, 24, 31, 
2021/5/1, 21, 24, 
2021/5/2, 20, 20, 
2021/5/3, 18, 31, 
2021/5/4, 29, 41, 
2021/5/5, 33, 46, 
2021/5/6, 34, 12, 
2021/5/7, 19, 21, 
2021/5/8, 22, 18, 
2021/5/9, 18, 14, 
2021/5/10, 20, 20, 
2021/5/11, 40, 22, 
2021/5/12, 38, 38, 
2021/5/13, 49, 38, 
2021/5/14, 56, 33, 
2021/5/15, 51, 8, 
2021/5/16, 27, 7, 
2021/5/17, 25, 5, 
2021/5/18, 17, 36, 
2021/5/19, 45, 33, 
2021/5/20, 30, 27, 
2021/5/21, 17, 31, 
2021/5/22, 22, 23, 
2021/5/23, 18, 17, 
2021/5/24, 13, 35, 
2021/5/25, 25, 33, 
2021/5/26, 31, 33, 
2021/5/27, 27, 21, 
2021/5/28, 21, 29, 
2021/5/29, 27, 22, 
2021/5/30, 31, 26, 
2021/5/31, 40, 36, 
2021/6/1, 27, 29, 
2021/6/2, 26, 35, 
2021/6/3, 34, 29, 
2021/6/4, 35, 30, 
2021/6/5, 41, 30, 
2021/6/6, 50, 24, 
2021/6/7, 53, 26, 
2021/6/8, 53, 31, 
2021/6/9, 53, 35, 
2021/6/10, 50, 42, 
2021/6/11, 59, 37, 
2021/6/12, 54, 9, 
2021/6/13, 14, 9, 
2021/6/14, 8, 17, 
2021/6/15, 21, 13, 
2021/6/16, 10, 24, 
2021/6/17, 19, 27, 
2021/6/18, 28, 31, 
2021/6/19, 43, 6, 
2021/6/20, 13, 18, 
2021/6/21, 24, 25, 
2021/6/22, 35, 15, 
2021/6/23, 21, 26, 
2021/6/24, 27, 18, 
2021/6/25, 32, , 
2021/6/29, 29, 23, 
2021/6/30, 44, 11, 
2021/7/1, 13, 18, 
2021/1/5, 16, 10, 
2021/1/6, 14, 10, 
2021/1/7, 14, 4, 
2021/1/8, 15, 5, 
2021/1/9, 20, 4, 
2021/1/10, 17, 4, 
2021/1/11, 15, 4, 
2021/1/12, 10, 2, 
2021/1/13, 8, 3, 
2021/1/14, 10, 3, 
2021/1/15, 11, 3, 
2021/1/16, 11, 2, 
2021/1/17, 10, 5, 
2021/1/18, 22, 5, 
2021/1/19, 15, 4, 
2021/1/20, 12, 7, 
2021/1/21, 23, 4, 
2021/1/22, 16, 5, 
2021/1/23, 19, , 
2021/1/25, 26, 2, 
2021/1/26, 6, 2, 
2021/1/27, 6, 3, 
2021/1/28, 10, 5, 
2021/1/29, 15, 4, 
2021/1/30, 17, , 
2021/2/2, 15, 5, 
2021/2/3, 18, 6, 
2021/2/4, 18, 4, 
2021/2/5, 12, 4, 
2021/2/6, 15, 2, 
2021/2/7, 7, 2, 
2021/2/8, 5, 2, 
2021/2/9, 7, 3, 
2021/2/10, 7, 4, 
2021/2/11, 9, 3, 
2021/2/12, 6, 3, 
2021/2/13, 8, 2, 
2021/2/14, 6, 2, 
2021/2/15, 8, 4, 
2021/2/16, 12, 5, 
2021/2/17, 12, 4, 
2021/2/18, 9, 6, 
2021/2/19, 19, 14, 
2021/2/20, 43, 9, 
2021/2/21, 34, 8, 
2021/2/22, 34, 13, 
2021/2/23, 39, 7, 
2021/2/24, 23, 6, 
2021/2/25, 17, 4, 
2021/2/26, 12, 1, 
2021/2/27, 3, 2, 
2021/2/28, 5, 1, 
2021/3/1, 4, 3, 
2021/3/2, 8, 6, 
2021/3/3, 13, 10, 
2021/3/4, 9, 54, 
2021/3/5, 34, 41, 
2021/3/6, 25, 10, 
2021/3/7, 8, 28, 
2021/3/8, 18, 35, 
2021/3/9, 25, 10, 
2021/3/10, 16, 17, 
2021/3/11, 24, 22, 
2021/3/12, 43, 9, 
2021/3/13, 34, 11, 
2021/3/14, 45, 11, 
2021/3/15, 42, 4, 
2021/3/16, 14, 5, 
2021/3/17, 8, 19, 
2021/3/18, 15, 22, 
2021/3/19, 17, 47, 
2021/3/20, 34, 4, 
2021/3/21, 6, 26, 
2021/3/22, 15, 5, 
2021/3/23, 5, 29, 
2021/3/24, 19, 38, 
2021/3/25, 24, 43, 
2021/3/26, 31, 37, 
2021/3/27, 30, 32, 
2021/3/28, 56, 22, 
2021/3/29, 60, 6, 
2021/3/30, 11, 40, 
2021/3/31, 29, 35, 
2021/4/1, 23, 32, 
2020/10/7, 22, 8, 8
2020/10/8, 19, 12, 8
2020/10/9, 24, 7, 10
2020/10/10, 15, 11, 11
2020/10/11, 16, 5, 7
2020/10/12, 10, 2, 5
2020/10/13, 3, 6, 4
2020/10/14, 7, 10, 6
2020/10/15, 11, 6, 6
2020/10/16, 8, 7, 5
2020/10/17, 9, 4, 8
2020/10/18, 6, 3, 5
2020/10/19, 4, 5, 3
2020/10/20, 7, 12, 3
2020/10/21, 15, 5, 11
2020/10/22, 16, 2, 14
2020/10/23, 5, 5, 7
2020/10/24, 8, 11, 8
2020/10/25, 17, 5, 8
2020/10/26, 15, 7, 5
2020/10/27, 15, 18, 15
2020/10/28, 25, 19, 12
2020/10/29, 28, 18, 13
2020/10/30, 20, 49, 12
2020/10/31, 37, 10, 9
2020/11/1, 18, 4, 9
2020/11/2, 13, 3, 3
2020/11/3, 9, 7, 5
2020/11/4, 11, 27, 11
2020/11/5, 22, 16, 9
2020/11/6, 19, 28, 5
2020/11/7, 22, 28, 11
2020/11/8, 25, 26, 8
2020/11/9, 28, 19, 7
2020/11/10, 20, 27, 10
2020/11/11, 32, 20, 5
2020/11/12, 21, 9, 
2020/11/13, 22, 24, 
2020/11/14, 50, 7, 
2020/11/15, 27, 6, 
2020/11/16, 19, 14, 
2020/11/17, 47, 19, 
2020/11/18, 18, 5, 
2020/11/19, 10, 8, 
2020/11/20, 6, 20, 
2020/11/21, 17, 5, 
2020/11/22, 9, 2, 
2020/11/23, 4, 25, 
2020/11/24, 17, 10, 
2020/11/25, 19, 8, 
2020/11/26, 23, 2, 
2020/11/27, 5, 4, 
2020/11/28, 11, 4, 
2020/11/29, 15, 3, 
2020/11/30, 10, 4, 
2020/12/1, 13, 2, 
2020/12/2, 8, 8, 
2020/12/3, 22, 11, 
2020/12/4, 42, 5, 
2020/12/5, 17, 8, 
2020/12/6, 29, 9, 
2020/12/7, 35, 9, 
2020/12/8, 30, 13, 
2020/12/9, 35, 14, 
2020/12/10, 37, 22, 
2020/12/11, 38, 16, 
2020/12/12, 34, 10, 
2020/12/13, 40, 6, 
2020/12/14, 27, 7, 
2020/12/15, 26, 5, 
2020/12/16, 16, 4, 
2020/12/17, 12, 4, 
2020/12/18, 12, 2, 
2020/12/19, 7, 7, 
2020/12/20, 24, 4, 
2020/12/21, 14, 7, 
2020/12/22, 23, 7, 
2020/12/23, 16, 2, 
2020/12/24, 6, 1, 
2020/12/25, 3, 10, 
2020/12/26, 9, 15, 
2020/12/27, 16, 3, 
2020/12/28, 11, , 
2021/1/1, 10, 7, 
2021/1/2, 25, 3, 
2021/1/3, 11, 2, 
2021/1/4, 4, 9, 
2020/7/2, 9, 11, 5
2020/7/3, 11, 7, 4
2020/7/4, 8, 8, 4
2020/7/5, 21, 6, 3
2020/7/6, 8, 6, 4
2020/7/7, 8, 6, 2
2020/7/8, 12, 5, 2
2020/7/9, 7, 8, 3
2020/7/10, 11, 6, 4
2020/7/11, 7, 7, 3
2020/7/12, 11, 5, 2
2020/7/13, 7, 5, 2
2020/7/14, 7, 11, 4
2020/7/15, 12, 13, 7
2020/7/16, 19, 21, 7
2020/7/17, 29, 11, 4
2020/7/18, 22, 8, 3
2020/7/19, 14, 10, 4
2020/7/20, 18, 14, 7
2020/7/21, 35, 4, 1
2020/7/22, 7, 5, 1
2020/7/23, 6, 6, 1
2020/7/24, 6, 4, 3
2020/7/25, 7, 6, 3
2020/7/26, 9, 10, 3
2020/7/27, 17, 15, 5
2020/7/28, 25, 21, 6
2020/7/29, 34, 7, 6
2020/7/30, 16, 6, 3
2020/7/31, 14, 12, 5
2020/8/1, 24, 15, 4
2020/8/2, 37, 14, 4
2020/8/3, 36, 10, 5
2020/8/4, 24, 4, 3
2020/8/5, 5, 11, 4
2020/8/6, 14, 12, 6
2020/8/7, 15, 17, 4
2020/8/8, 31, 14, 8
2020/8/9, 33, 5, 1
2020/8/10, 10, 11, 4
2020/8/11, 14, 18, 5
2020/8/12, 18, 20, 7
2020/8/13, 25, 20, 5
2020/8/14, 32, 13, 5
2020/8/15, 31, 8, 3
2020/8/16, 22, 6, 3
2020/8/17, 8, 18, 6
2020/8/18, 23, 21, 5
2020/8/19, 29, , 
2020/8/26, 6, 5, 4
2020/8/27, 7, 5, 4
2020/8/28, 7, 10, 8
2020/8/29, 12, 8, 5
2020/8/30, 12, 5, 2
2020/8/31, 11, 5, 3
2020/9/1, 7, 12, 6
2020/9/2, 12, 21, 8
2020/9/3, 25, 17, 8
2020/9/4, 30, 9, 6
2020/9/5, 20, 6, 5
2020/9/6, 14, 4, 3
2020/9/7, 7, 10, 6
2020/9/8, 11, 6, 6
2020/9/9, 9, 16, 5
2020/9/10, 15, 5, 2
2020/9/11, 6, 10, 7
2020/9/12, 12, 5, 5
2020/9/13, 12, 4, 3
2020/9/14, 7, 8, 6
2020/9/15, 11, 8, 7
2020/9/16, 11, 3, 3
2020/9/17, 5, 5, 4
2020/9/18, 6, 6, 5
2020/9/19, 10, 5, 4
2020/9/20, 11, 4, 3
2020/9/21, 8, 10, 8
2020/9/22, 14, 12, 8
2020/9/23, 12, 16, 8
2020/9/24, 27, 28, 14
2020/9/25, 48, 10, 9
2020/9/26, 19, 3, 7
2020/9/27, 8, 7, 5
2020/9/28, 18, 10, 8
2020/9/29, 28, 9, 12
2020/9/30, 23, 1, 9
2020/10/1, 1, , 12
2020/4/2, 22, 8, 
2020/4/3, 8, 8, 
2020/4/4, 7, 29, 
2020/4/5, 18, 45, 
2020/4/6, 31, 51, 
2020/4/7, 48, 27, 
2020/4/8, 40, 26, 
2020/4/9, 26, 10, 
2020/4/10, 9, 9, 
2020/4/11, 9, 13, 
2020/4/12, 12, 4, 
2020/4/13, 6, 11, 
2020/4/14, 12, 11, 
2020/4/15, 12, 30, 
2020/4/16, 28, 11, 
2020/4/17, 9, 12, 
2020/4/18, 13, 7, 
2020/4/19, 9, 6, 
2020/4/20, 8, 14, 
2020/4/21, 12, 24, 
2020/4/22, 21, 33, 
2020/4/23, 29, 21, 
2020/4/24, 17, 13, 
2020/4/25, 10, 8, 
2020/4/26, 12, 10, 
2020/4/27, 17, 34, 
2020/4/28, 30, 20, 
2020/4/29, 21, 30, 
2020/4/30, 28, 25, 
2020/5/1, 30, 8, 
2020/5/2, 23, 15, 
2020/5/3, 35, 7, 
2020/5/4, 11, 13, 
2020/5/5, 11, 27, 
2020/5/6, 20, 23, 
2020/5/7, 20, 11, 
2020/5/8, 11, 28, 
2020/5/9, 23, 12, 
2020/5/10, 11, 5, 
2020/5/11, 9, 7, 
2020/5/12, 7, 13, 
2020/5/13, 11, 9, 
2020/5/14, 10, 13, 
2020/5/15, 11, 14, 
2020/5/16, 14, 11, 
2020/5/17, 10, 9, 
2020/5/18, 10, 11, 
2020/5/19, 10, 13, 
2020/5/20, 12, 19, 
2020/5/21, 16, 15, 
2020/5/22, 16, 22, 
2020/5/23, 28, 11, 
2020/5/24, 21, 13, 
2020/5/25, 31, 21, 
2020/5/26, 36, 24, 
2020/5/27, 30, 10, 
2020/5/28, 14, 9, 
2020/5/29, 10, 7, 
2020/5/30, 10, 9, 
2020/5/31, 9, 13, 
2020/6/1, 13, 32, 
2020/6/2, 33, 36, 
2020/6/3, 47, 26, 
2020/6/4, 30, 24, 
2020/6/5, 30, 30, 
2020/6/6, 40, 11, 
2020/6/7, 32, 9, 
2020/6/8, 14, 7, 
2020/6/9, 9, 13, 
2020/6/10, 11, 17, 
2020/6/11, 16, 22, 
2020/6/12, 23, 24, 
2020/6/13, 25, 13, 
2020/6/14, 16, 19, 
2020/6/15, 30, 34, 
2020/6/16, 47, 24, 
2020/6/17, 30, 25, 
2020/6/18, 35, 24, 
2020/6/19, 54, 17, 
2020/6/20, 45, 10, 
2020/6/21, 16, , 
2020/6/23, 44, 34, 
2020/6/24, 46, 31, 
2020/6/25, 51, 36, 9
2020/6/26, 59, 49, 7
2020/6/27, 62, 22, 4
2020/6/28, 39, 15, 4
2020/6/29, 17, 14, 6
2020/6/30, 24, 9, 5
2020/7/1, 15, 7, 2
2020/1/2, 13, 22, 4
2020/1/3, 26, 11, 2
2020/1/4, 11, 36, 
2020/1/5, 22, 20, 2
2020/1/6, 17, , 
2020/1/16, 9, 8, 5
2020/1/17, 20, 14, 7
2020/1/18, 27, 13, 5
2020/1/19, 39, 3, 
2020/1/20, 9, 4, 4
2020/1/21, 8, 44, 1
2020/1/22, 32, 31, 1
2020/1/23, 23, 39, 4
2020/1/24, 29, 43, 4
2020/1/25, 30, 69, 4
2020/1/26, 46, 10, 3
2020/1/27, 10, 10, 6
2020/1/28, 25, 7, 4
2020/1/29, 23, 3, 4
2020/1/30, 8, 6, 7
2020/1/31, 19, 4, 5
2020/2/1, 10, 4, 3
2020/2/2, 14, 2, 1
2020/2/3, 5, 5, 4
2020/2/4, 10, 12, 4
2020/2/5, 16, 5, 4
2020/2/6, 9, 45, 5
2020/2/7, 32, 6, 4
2020/2/8, 14, 4, 3
2020/2/9, 13, 5, 1
2020/2/10, 17, 3, 2
2020/2/11, 5, 60, 7
2020/2/12, 37, 29, 6
2020/2/13, 26, 88, 7
2020/2/14, 56, 123, 8
2020/2/15, 61, 12, 6
2020/2/16, 24, 3, 1
2020/2/17, 8, 6, 3
2020/2/18, 14, 53, 3
2020/2/19, 21, 38, 2
2020/2/20, 28, 54, 
2020/2/21, 34, 6, 
2020/2/22, 7, 5, 
2020/2/23, 11, 8, 
2020/2/24, 9, 61, 
2020/2/25, 38, 74, 
2020/2/26, 47, 117, 
2020/2/27, 63, 72, 
2020/2/28, 51, 79, 
2020/2/29, 56, 58, 
2020/3/1, 44, 17, 
2020/3/2, 15, 5, 
2020/3/3, 11, 4, 
2020/3/4, 11, 3, 
2020/3/5, 8, 2, 
2020/3/6, 7, 6, 
2020/3/7, 18, 7, 
2020/3/8, 16, 8, 
2020/3/9, 31, 3, 
2020/3/10, 8, 8, 
2020/3/11, 19, 8, 
2020/3/12, 20, 4, 
2020/3/13, 9, 48, 
2020/3/14, 30, 64, 
2020/3/15, 39, 21, 
2020/3/16, 19, 54, 
2020/3/17, 37, 54, 
2020/3/18, 34, 63, 
2020/3/19, 42, 53, 
2020/3/20, 35, 5, 
2020/3/21, 9, 43, 
2020/3/22, 32, 65, 
2020/3/23, 47, 57, 
2020/3/24, 40, 31, 
2020/3/25, 34, 28, 
2020/3/26, 38, 6, 
2020/3/27, 12, 19, 
2020/3/28, 31, 25, 
2020/3/29, 21, 11, 
2020/3/30, 11, 20, 
2020/3/31, 16, 11, 
2020/4/1, 11, 17, 
2019/12/29, 15, 6, 6
2019/12/30, 15, , 
2018/10/2, 10, 10, 6
2018/10/3, 17, 14, 2
2018/10/4, 26, 8, 3
2018/10/5, 15, 10, 3
2018/10/6, 20, 6, 2
2018/10/7, 9, 6, 2
2018/10/8, 13, 10, 4
2018/10/9, 15, 19, 7
2018/10/10, 22, 23, 5
2018/10/11, 29, 24, 5
2018/10/12, 30, 36, 6
2018/10/13, 61, 40, 4
2018/10/14, 80, 31, 4
2018/10/15, 67, 32, 5
2018/10/16, 65, 15, 6
2018/10/17, 25, 25, 3
2018/10/18, 31, 20, 4
2018/10/19, 22, 17, 4
2018/10/20, 18, 18, 2
2018/10/21, 19, 18, 4
2018/10/22, 23, 15, 4
2018/10/23, 16, 15, 3
2018/10/24, 14, 12, 4
2018/10/25, 12, 16, 4
2018/10/26, 13, 27, 6
2018/10/27, 20, 30, 1
2018/10/28, 25, 19, 3
2018/10/29, 19, 37, 4
2018/10/30, 33, 27, 3
2018/10/31, 25, 7, 3
2018/11/1, 20, 8, 4
2018/11/2, 19, 11, 4
2018/11/3, 30, 11, 4
2018/11/4, 23, 45, 5
2018/11/5, 43, 57, 6
2018/11/6, 48, 77, 5
2018/11/7, 60, 46, 4
2018/11/8, 54, 20, 7
2018/11/9, 54, 13, 4
2018/11/10, 34, 12, 2
2018/11/11, 27, 10, 
2018/11/12, 31, 10, 4
2018/11/13, 28, 6, 4
2018/11/14, 18, 5, 3
2018/11/15, 13, 7, 6
2018/11/16, 21, 8, 6
2018/11/17, 26, 8, 1
2018/11/18, 25, 5, 2
2018/11/19, 15, 15, 3
2018/11/20, 14, 24, 5
2018/11/21, 18, 8, 4
2018/11/22, 14, 7, 5
2018/11/23, 14, 8, 5
2018/11/24, 15, 6, 3
2018/11/25, 17, 6, 3
2018/11/26, 18, 5, 5
2018/11/27, 19, 5, 5
2018/11/28, 14, 5, 2
2018/11/29, 18, , 
2018/12/13, 25, 14, 3
2018/12/14, 20, 31, 4
2018/12/15, 30, 49, 2
2018/12/16, 43, 30, 3
2018/12/17, 37, 12, 7
2018/12/18, 25, 7, 4
2018/12/19, 20, 6, 8
2018/12/20, 16, 9, 5
2018/12/21, 31, 9, 4
2018/12/22, 34, 6, 1
2018/12/23, 25, 5, 2
2018/12/24, 19, 4, 1
2018/12/25, 15, 3, 2
2018/12/26, 10, 4, 5
2018/12/27, 11, 6, 4
2018/12/28, 15, 3, 1
2018/12/29, 9, 4, 
2018/12/30, 14, 4, 
2018/12/31, 14, , 
2018/7/2, 7, 9, 3
2018/7/3, 11, 15, 1
2018/7/4, 20, 10, 1
2018/7/5, 13, 12, 3
2018/7/6, 18, 15, 1
2018/7/7, 25, 12, 
2018/7/8, 20, 8, 1
2018/7/9, 13, 11, 2
2018/7/10, 18, 13, 2
2018/7/11, 26, 16, 3
2018/7/12, 31, 18, 3
2018/7/13, 41, 15, 3
2018/7/14, 39, 18, 2
2018/7/15, 45, 18, 2
2018/7/16, 50, 19, 2
2018/7/17, 51, 19, 2
2018/7/18, 50, 18, 2
2018/7/19, 41, 29, 3
2018/7/20, 70, 29, 2
2018/7/21, 72, 21, 1
2018/7/22, 59, 16, 1
2018/7/23, 54, 20, 2
2018/7/24, 59, 18, 2
2018/7/25, 45, 17, 2
2018/7/26, 46, 14, 1
2018/7/27, 36, 11, 2
2018/7/28, 28, 12, 2
2018/7/29, 30, 22, 2
2018/7/30, 58, 22, 3
2018/7/31, 58, 24, 3
2018/8/1, 56, 21, 3
2018/8/2, 55, 22, 2
2018/8/3, 55, 14, 1
2018/8/4, 35, 8, 
2018/8/5, 16, 7, 
2018/8/6, 13, 5, 1
2018/8/7, 8, 7, 2
2018/8/8, 11, 12, 3
2018/8/9, 19, 16, 3
2018/8/10, 36, 19, 3
2018/8/11, 48, 13, 1
2018/8/12, 27, 6, 
2018/8/13, 12, 5, 1
2018/8/14, 10, 6, 2
2018/8/15, 11, 8, 2
2018/8/16, 13, 11, 2
2018/8/17, 18, 12, 1
2018/8/18, 25, 7, 1
2018/8/19, 14, 5, 1
2018/8/20, 9, 4, 1
2018/8/21, 7, 5, 1
2018/8/22, 7, 7, 4
2018/8/23, 11, 10, 2
2018/8/24, 24, 6, 5
2018/8/25, 13, 9, 1
2018/8/26, 24, 8, 2
2018/8/27, 14, 7, 3
2018/8/28, 13, 11, 3
2018/8/29, 19, 12, 4
2018/8/30, 26, 13, 3
2018/8/31, 28, 8, 2
2018/9/1, 16, 9, 1
2018/9/2, 16, 9, 2
2018/9/3, 16, 12, 3
2018/9/4, 20, 14, 3
2018/9/5, 25, 14, 4
2018/9/6, 25, 12, 4
2018/9/7, 20, 17, 4
2018/9/8, 26, 17, 2
2018/9/9, 35, 21, 1
2018/9/10, 47, 13, 2
2018/9/11, 25, 11, 3
2018/9/12, 19, 10, 2
2018/9/13, 16, 7, 3
2018/9/14, 9, 9, 4
2018/9/15, 10, 8, 1
2018/9/16, 12, 6, 1
2018/9/17, 10, 6, 3
2018/9/18, 9, 12, 3
2018/9/19, 17, 17, 4
2018/9/20, 26, 14, 1
2018/9/21, 22, 12, 4
2018/9/22, 19, 13, 2
2018/9/23, 20, 11, 5
2018/9/24, 13, , 1
2018/9/26, 8, 5, 2
2018/9/27, 8, 7, 4
2018/9/28, 10, 7, 2
2018/9/29, 11, 6, 2
2018/9/30, 9, 7, 2
2018/10/1, 10, 7, 4
2018/4/2, 30, 26, 3
2018/4/3, 31, 55, 4
2018/4/4, 39, 36, 6
2018/4/5, 24, 7, 8
2018/4/6, 9, 13, 1
2018/4/7, 11, 9, 5
2018/4/8, 7, 7, 4
2018/4/9, 6, 1, 3
2018/4/10, 2, 1, 5
2018/4/11, 1, 1, 5
2018/4/13, 1, 1, 5
2018/4/14, 4, 4, 6
2018/4/15, 14, 3, 1
2018/4/16, 10, , 
2018/4/22, 2, 1, 1
2018/4/24, 1, 1, 4
2018/4/25, 1, 1, 2
2018/4/27, 1, 1, 3
2018/4/28, 1, 1, 5
2018/4/29, 3, 2, 3
2018/4/30, 9, , 
2018/5/16, 60, , 2
2018/5/18, 39, 31, 1
2018/5/19, 26, 24, 3
2018/5/20, 22, 30, 1
2018/5/21, 33, 30, 3
2018/5/22, 36, 41, 3
2018/5/23, 53, 41, 2
2018/5/24, 44, 35, 2
2018/5/25, 27, 38, 4
2018/5/26, 34, 39, 2
2018/5/27, 48, 30, 2
2018/5/28, 38, 33, 3
2018/5/29, 31, 39, 1
2018/5/30, 39, 32, 2
2018/5/31, 33, 31, 2
2018/6/1, 30, 33, 1
2018/6/2, 34, , 
2018/6/7, 8, 13, 
2018/6/8, 12, 11, 2
2018/6/9, 9, 12, 1
2018/6/10, 12, 13, 2
2018/6/11, 16, 16, 2
2018/6/12, 24, 15, 
2018/6/13, 17, 10, 1
2018/6/14, 9, 15, 2
2018/6/15, 15, 17, 1
2018/6/16, 22, 14, 2
2018/6/17, 17, 13, 2
2018/6/18, 21, 10, 1
2018/6/19, 22, 10, 1
2018/6/20, 14, 8, 1
2018/6/21, 9, 9, 2
2018/6/22, 9, 7, 
2018/6/23, 7, 5, 
2018/6/24, 6, 5, 
2018/6/25, 8, 5, 
2018/6/26, 7, 9, 3
2018/6/27, 13, 15, 1
2018/6/28, 22, 16, 3
2018/6/29, 26, 8, 
2018/6/30, 14, 4, 1
2018/7/1, 6, 5, 1
2018/2/14, 27, 9, 4
2018/2/15, 27, 8, 4
2018/2/16, 30, 14, 8
2018/2/17, 48, 14, 5
2018/2/18, 46, 10, 7
2018/2/19, 35, 9, 6
2018/2/20, 57, 9, 7
2018/2/21, 59, 8, 9
2018/2/22, 35, 11, 10
2018/2/23, 44, 9, 7
2018/2/24, 37, 7, 6
2018/2/25, 26, 7, 4
2018/2/26, 27, 5, 3
2018/2/27, 19, 4, 5
2018/2/28, 13, 6, 7
2018/3/1, 20, 7, 5
2018/3/2, 23, 9, 10
2018/3/3, 26, 9, 3
2018/3/4, 27, 4, 6
2018/3/5, 13, 5, 7
2018/3/6, 19, 8, 6
2018/3/7, 27, 9, 7
2018/3/8, 27, 10, 5
2018/3/9, 31, 9, 4
2018/3/10, 32, 9, 7
2018/3/11, 33, 15, 6
2018/3/12, 50, 14, 8
2018/3/13, 51, 7, 2
2018/3/14, 28, 3, 7
2018/3/15, 12, 7, 11
2018/3/16, 20, 8, 9
2018/3/17, 20, 8, 2
2018/3/18, 21, 6, 
2018/3/19, 14, 3, 2
2018/3/20, 6, 5, 10
2018/3/21, 10, 14, 7
2018/3/22, 27, 3, 3
2018/3/23, 7, 6, 9
2018/3/24, 14, 10, 5
2018/3/25, 24, 4, 4
2018/3/26, 14, 4, 5
2018/3/27, 12, 4, 4
2018/3/28, 11, 11, 8
2018/3/29, 17, 15, 8
2018/3/30, 24, 19, 4
2018/3/31, 24, 25, 5
2018/4/1, 27, 27, 4
2017/4/2, 26, 13, 8
2017/4/3, 28, 28, 8
2017/4/4, 36, 46, 4
2017/4/5, 41, 20, 9
2017/4/6, 19, 36, 5
2017/4/7, 24, 35, 4
2017/4/8, 25, 24, 6
2017/4/9, 21, 32, 7
2017/4/10, 27, 15, 9
2017/4/11, 19, 27, 2
2017/4/12, 18, 43, 6
2017/4/13, 37, 40, 7
2017/4/14, 36, 34, 2
2017/4/15, 41, 24, 3
2017/4/16, 30, 24, 4
2017/4/17, 31, 19, 4
2017/4/18, 25, 37, 9
2017/4/19, 33, 35, 6
2017/4/20, 34, 25, 5
2017/4/21, 22, 21, 1
2017/4/22, 17, 12, 2
2017/4/23, 12, 8, 3
2017/4/24, 13, 26, 6
2017/4/25, 29, 15, 5
2017/4/26, 16, 9, 4
2017/4/27, 14, 26, 5
2017/4/28, 22, 35, 9
2017/4/29, 44, 26, 4
2017/4/30, 42, 20, 4
2017/5/1, 28, 22, 3
2017/5/2, 33, 18, 1
2017/5/3, 18, 30, 7
2017/5/4, 25, 39, 7
2017/5/5, 34, 22, 1
2017/5/6, 23, 12, 4
2017/5/7, 19, 3, 4
2017/5/8, 8, 11, 3
2017/5/9, 13, 23, 7
2017/5/10, 21, 22, 7
2017/5/11, 22, 26, 5
2017/5/12, 28, 16, 9
2017/5/13, 25, 12, 3
2017/5/14, 22, 10, 3
2017/5/15, 25, 13, 5
2017/5/16, 23, 17, 7
2017/5/17, 24, 6, 3
2017/5/18, 19, 9, 10
2017/5/19, 31, 9, 2
2017/5/20, 23, 9, 4
2017/5/21, 19, 15, 3
2017/5/22, 21, 10, 1
2017/5/23, 11, 13, 4
2017/5/24, 19, 27, 6
2017/5/25, 23, 5, 
2017/5/26, 7, 9, 3
2017/5/27, 10, 11, 4
2017/5/28, 23, 12, 4
2017/5/29, 24, 14, 14
2017/5/30, 14, 21, 7
2017/5/31, 26, 15, 1
2017/6/1, 23, 8, 1
2017/6/2, 8, 8, 2
2017/6/3, 11, 12, 3
2017/6/4, 18, 14, 3
2017/6/5, 23, 7, 6
2017/6/6, 16, 15, 2
2017/6/7, 27, 27, 6
2017/6/8, 39, 15, 7
2017/6/9, 29, 19, 6
2017/6/10, 31, 10, 5
2017/6/11, 24, 12, 3
2017/6/12, 35, 17, 7
2017/6/13, 34, 12, 4
2017/6/14, 23, 10, 2
2017/6/15, 20, 10, 3
2017/6/16, 13, 23, 6
2017/6/17, 37, 15, 4
2017/6/18, 34, 9, 3
2017/6/19, 15, 9, 1
2017/6/20, 11, 6, 
2017/6/21, 8, 7, 
2017/6/22, 7, 7, 3
2017/6/23, 9, 7, 
2017/6/24, 12, 5, 1
2017/6/25, 14, 6, 1
2017/6/26, 11, 6, 2
2017/6/27, 8, , 
2017/1/9, 14, 6, 25
2017/1/10, 20, 4, 13
2017/1/11, 10, 4, 6
2017/1/12, 14, 4, 11
2017/1/13, 14, 5, 8
2017/1/14, 19, 5, 5
2017/1/15, 18, 3, 4
2017/1/16, 10, 3, 8
2017/1/17, 10, 3, 8
2017/1/18, 12, 4, 10
2017/1/19, 13, 4, 7
2017/1/20, 11, 9, 15
2017/1/21, 25, 10, 14
2017/1/22, 23, 3, 11
2017/1/23, 10, 2, 5
2017/1/24, 6, 6, 11
2017/1/25, 16, 5, 11
2017/1/26, 18, 9, 16
2017/1/27, 21, 6, 11
2017/1/28, 21, 12, 8
2017/1/29, 40, 16, 7
2017/1/30, 44, 13, 8
2017/1/31, 37, 10, 9
2017/2/1, 14, 21, 14
2017/2/2, 39, 13, 19
2017/2/3, 33, 13, 8
2017/2/4, 35, 14, 7
2017/2/5, 47, 9, 4
2017/2/6, 31, 4, 7
2017/2/7, 12, 6, 7
2017/2/8, 19, 5, 1
2017/2/9, 18, 7, 1
2017/2/10, 23, 6, 1
2017/2/11, 24, 9, 1
2017/2/12, 37, 4, 1
2017/2/13, 15, 3, 1
2017/2/14, 9, 3, 6
2017/2/15, 7, 9, 9
2017/2/16, 21, 14, 7
2017/2/17, 29, 4, 4
2017/2/18, 11, 2, 2
2017/2/19, 4, 1, 2
2017/2/20, 2, 6, 20
2017/2/21, 12, 5, 17
2017/2/22, 11, 4, 10
2017/2/23, 14, 3, 8
2017/2/24, 8, 4, 5
2017/2/25, 11, 5, 10
2017/2/26, 15, 6, 12
2017/2/27, 19, 7, 16
2017/2/28, 18, 18, 15
2017/3/1, 56, 15, 19
2017/3/2, 50, 5, 10
2017/3/3, 20, 6, 15
2017/3/4, 23, 6, 8
2017/3/5, 21, 20, 7
2017/3/6, 27, 34, 12
2017/3/7, 35, 64, 6
2017/3/8, 51, 6, 12
2017/3/9, 19, 11, 13
2017/3/10, 32, 8, 6
2017/3/11, 30, 4, 7
2017/3/12, 15, 5, 10
2017/3/13, 16, 6, 10
2017/3/14, 13, 5, 12
2017/3/15, 16, 20, 3
2017/3/16, 14, 86, 12
2017/3/17, 52, 41, 9
2017/3/18, 28, 63, 3
2017/3/19, 41, 81, 4
2017/3/20, 52, 101, 10
2017/3/21, 55, 7, 13
2017/3/22, 22, 16, 5
2017/3/23, 16, 85, 4
2017/3/24, 51, 65, 7
2017/3/25, 41, 38, 7
2017/3/26, 35, 71, 3
2017/3/27, 48, 80, 4
2017/3/28, 51, 44, 3
2017/3/29, 29, 63, 7
2017/3/30, 43, 76, 11
2017/3/31, 57, 10, 11
2017/4/1, 30, 16, 7
2025/11/7, , 6, 5
2025/6/9, , 13, 2
2025/1/1, , 4, 2
2025/3/4, , 22, 2
2025/3/13, , 98, 3
2024/12/2, , 5, 1
2024/8/19, , 7, 1
2024/8/23, , 9, 
2024/8/30, , 23, 2
2024/4/25, , 9, 6
2024/5/3, , 26, 3
2024/5/13, , 25, 3
2024/2/15, , 7, 10
2024/3/19, , 43, 5
2023/10/11, , 7, 3
2023/12/13, , 5, 3
2023/4/3, , 39, 
2023/4/17, , 53, 
2023/2/6, , 9, 
2023/2/15, , 7, 
2023/2/22, , 8, 
2023/2/27, , 2, 
2023/3/15, , 6, 
2023/3/19, , 5, 
2022/8/17, , 19, 
2022/8/22, , 8, 
2022/9/23, , 13, 
2022/9/26, , 7, 
2022/5/23, , 36, 
2021/6/28, , 17, 
2021/1/24, , 7, 
2021/2/1, , 4, 
2020/10/6, , 7, 11
2020/12/31, , 3, 
2020/8/25, , 5, 6
2020/6/22, , 26, 
2020/1/1, , 15, 2
2020/1/15, , 3, 2
2019/12/28, , 4, 5
2018/12/12, , 4, 4
2018/9/25, , 6, 3
2018/4/12, , 1, 3
2018/4/21, , 1, 
2018/4/23, , 1, 4
2018/4/26, , 1, 2
2018/5/15, , 53, 3
2018/5/17, , 48, 1
2018/6/6, , 8, 
2018/2/13, , 8, 2
2017/1/8, , 4, 9
2025/3/10, , , 3
2025/3/11, , , 5
2025/3/12, , , 6
2020/10/2, , , 8
2020/10/3, , , 7
2020/10/4, , , 6
2020/10/5, , , 6
2018/12/11, , , 3
2018/4/20, , , 5
2018/5/14, , , 4
2018/6/5, , , 